{"cameraMode":{"drawMode":0,"name":"Shaded","section":"Shading Mode"},"sceneLighting":true,"audioPlay":false,"sceneViewState":{"showFog":true,"showMaterialUpdate":false,"showSkybox":true,"showFlares":true,"showImageEffects":true,"showParticleSystems":true},"in2DMode":false,"pivot":{"x":349.121826171875,"y":213.59738159179688,"z":39.20069885253906},"rotation":{"x":-0.17615288496017457,"y":0.13595163822174073,"z":-0.02457188256084919,"w":-0.9746197462081909},"size":348.37255859375,"orthographic":false}