{"cameraMode":{"drawMode":0,"name":"Shaded","section":"Shading Mode"},"sceneLighting":false,"audioPlay":false,"sceneViewState":{"showFog":true,"showMaterialUpdate":false,"showSkybox":true,"showFlares":true,"showImageEffects":true,"showParticleSystems":true},"in2DMode":false,"pivot":{"x":-0.009723067283630371,"y":-0.02637137472629547,"z":0.16203634440898896},"rotation":{"x":-0.03675234690308571,"y":0.9627976417541504,"z":-0.17370837926864625,"w":-0.20370414853096009},"size":0.285788357257843,"orthographic":false}