{"cameraMode":{"drawMode":0,"name":"Shaded","section":"Shading Mode"},"sceneLighting":false,"audioPlay":false,"sceneViewState":{"showFog":true,"showMaterialUpdate":false,"showSkybox":true,"showFlares":true,"showImageEffects":true,"showParticleSystems":true},"in2DMode":false,"pivot":{"x":-0.23167386651039124,"y":-0.0022111237049102785,"z":-0.11711497604846955},"rotation":{"x":-0.08090516924858093,"y":0.8968119025230408,"z":-0.18412835896015168,"w":-0.39405539631843569},"size":0.5715767741203308,"orthographic":false}